{"cameraMode":{"drawMode":0,"name":"Shaded","section":"Shading Mode"},"sceneLighting":false,"audioPlay":false,"sceneViewState":{"showFog":true,"showMaterialUpdate":false,"showSkybox":false,"showFlares":true,"showImageEffects":true,"showParticleSystems":true},"in2DMode":false,"pivot":{"x":-0.9427957534790039,"y":0.0032483190298080446,"z":0.3054407835006714},"rotation":{"x":0.12548992037773133,"y":0.05265634506940842,"z":-0.00666997442021966,"w":0.9906756281852722},"size":1.2524410486221314,"orthographic":false}