{"cameraMode":{"drawMode":0,"name":"Shaded","section":"Shading Mode"},"sceneLighting":true,"audioPlay":false,"sceneViewState":{"showFog":true,"showMaterialUpdate":false,"showSkybox":true,"showFlares":true,"showImageEffects":true,"showParticleSystems":true},"in2DMode":false,"pivot":{"x":2.305960178375244,"y":3.5574893951416017,"z":0.0380176305770874},"rotation":{"x":0.12548992037773133,"y":0.05265634506940842,"z":-0.00666997442021966,"w":0.9906756281852722},"size":6.293938159942627,"orthographic":false}