{"cameraMode":{"drawMode":0,"name":"Shaded","section":"Shading Mode"},"sceneLighting":false,"audioPlay":false,"sceneViewState":{"showFog":true,"showMaterialUpdate":false,"showSkybox":false,"showFlares":true,"showImageEffects":true,"showParticleSystems":true},"in2DMode":false,"pivot":{"x":-5.960464477539063e-8,"y":0.6717382073402405,"z":0.0},"rotation":{"x":0.12548992037773133,"y":0.05265634506940842,"z":-0.00666997442021966,"w":0.9906756281852722},"size":0.9482557773590088,"orthographic":false}